,a_1,a_2,redshift,cos_tilt_1,cos_theta_12,mass_1_source,mass_ratio,dec,ra,psi,phi_1,phi_12,phase,incl,phi_2,mass_1,mass_2,luminosity_distance,tilt_1,tilt_2,cos_tilt_2,theta_jn,phi_jl
0,0.3502287350065962,0.4721032912449037,0.853025741449196,0.3554022012456542,-0.744005329233585,30.155200481639632,0.34524008687698254,0.11677558400911955,3.7306633113433403,0.6472847488035666,2.7989290819664547,0.09358755615835196,3.3491812702510004,1.8650042539554779,5.751675940024341,55.87836273103943,19.291450803807596,5584.743726849247,1.2074520010827547,-0.8304779414419106,0.6745229950208891,1.8650042539856648,-0.0
1,0.02723089184148431,0.21391606125758394,0.6579598137485765,0.9890010548450698,0.5768598052100176,31.997742083280936,0.6442630149437886,1.0408495541616913,1.8412164796653772,0.5278728363415328,3.978060380506056,4.719998022077372,3.42306039167951,3.96172815578617,0.824690493919714,53.05097050477145,34.178778203098055,4065.1311940765854,0.14845313942422395,0.6595772439983024,0.7902513597238117,2.3214571513813858,0.0
2,0.22121254697042786,0.1816966047440057,2.0655965201341235,0.6963339663173197,0.19518699565660522,29.159867034105073,0.8850488051369664,-0.020154335475581566,0.05034472804061782,2.7910587988575983,3.1271383634854875,4.812475666063517,3.0963158688032033,2.4915803418868747,1.791052156912004,89.39238690732626,79.1166252206705,16574.64818984997,0.8005194756780459,0.055464595107067985,0.9984622336274048,2.491580341889566,-0.0
3,0.058080336141775046,0.23703217497830492,0.8604355554324585,0.33089910623330254,-0.7602288379085419,7.664783650822691,0.8688812235353703,0.07085240214884606,4.333052863417509,2.7644679726311674,4.672093535664239,3.439672887493084,3.39353549124215,1.6191366890636159,5.622667990596442,14.259836028687939,12.390103776020133,5644.418049750634,1.2335401305930331,-0.048051252090256014,0.9988457606993766,1.6191366890488719,-0.0
4,0.3652016049112763,0.07225430297325483,1.110969839037746,0.2638940477043419,-0.08834914719096887,38.15383842489526,0.5891384799931993,0.5943414339414842,2.2109930970197773,1.8519478507462015,0.3761597634623453,3.033665279977472,1.3460767073531401,0.9920770076440527,1.878729693491821,80.54160215847331,47.45015707185995,7733.090587393541,1.303739181875811,-0.8737012268929931,0.6419931821218468,0.9920770075540367,3.141592653589793
5,0.36784202107890784,0.44176339746789606,0.6612923975030607,0.8840204720383484,-0.8675165325731742,8.722894342030086,0.9429647737230277,-0.28592777086057436,3.9014445752414377,1.771179623905404,1.5713419283904861,4.48768677657336,1.9179944806895064,0.5032306024912508,1.7757386017530443,14.491278054637045,13.664764731748297,4090.195449089097,0.4864019651387974,-0.9935414539316927,0.5457256784795955,0.5032306024609313,0.0
6,0.25011909046202657,0.3261936092057407,1.1329267720733944,-0.4087784099669862,-0.12727324410735025,30.40547483087251,0.4274059294753492,-1.2244069393026156,5.941591152553606,1.5409101894703345,0.35018775365755545,1.8862247665150045,0.021859410070679704,4.474318953768231,1.4681954845142398,64.85265128437175,27.718407701137608,7922.100962531837,1.9919114543585514,0.08348476168792568,0.9965171708458598,1.8088663534461902,-0.0
7,0.025519020897419593,0.14798781678324396,0.3977539125608532,0.7845288471149313,-0.4602685706141045,8.786295360701402,0.6181343915443737,0.6991953021536421,1.7114908687081745,0.7127139524839489,0.06862256746251591,2.1866690490928002,4.747116499996039,4.922515270417206,1.6720187521601995,12.281078717335657,7.591357120448833,2224.1003134173116,0.6688603762513857,-0.6475444672401396,0.7975674520521636,1.360670036753092,0.0
8,0.37775125041963536,0.17861779241503153,0.8562149039171391,0.6914173799538066,-0.4334675230759332,27.709002788196706,0.34713063002019434,-0.9424044866462189,4.77937646933365,0.13072177951950187,5.91578062172322,1.7630601423180472,2.8754091148217054,4.340698630929138,1.5938878049147642,51.433863948132284,17.85426959668812,5610.41118799086,0.8073472188825445,-0.6453553581985383,0.7988860756984344,1.9424866763441855,0.0
9,0.2927458169537414,0.22196123740316276,0.7322702169103772,0.9994836131313891,0.2239285486503612,8.62204732574662,0.7550834650470779,0.11692009311792627,1.5758558790632238,2.5432450307267063,4.002942860507366,3.7407527526388846,5.222554521080402,3.562634563496257,6.018936638607742,14.935715791182634,11.277712032564542,4631.776729845049,0.032138180324907284,0.2540593141612243,0.9679001511996977,2.7205507436734693,0.0
10,0.14580200705391475,0.3554284317171599,1.4214728494886477,0.4002575340882481,-0.6290150337368208,8.745205426288601,0.687724037604261,-0.49167638482969633,0.35406377964646324,1.0997582788949616,1.0223245493360047,6.0384891541316135,2.126921415163576,2.7193690763664784,5.446607480808775,21.176277502958644,14.563435065762997,10480.194757198175,1.158998470764779,-0.038669751086748944,0.9992524183404078,2.719369076368927,-0.0
11,0.23259547861991842,0.24207289318654174,1.8648482094129935,0.910636268649854,0.8210222196274389,8.518307234283037,0.6687297130025802,0.8566785792850192,5.800988521794251,2.8640195042356034,3.799577144248165,5.1426398276177405,1.044627722734262,3.223134503937854,1.9504003912190446,24.403657227365507,16.319450693869477,14628.383433743607,0.42597504495936955,0.800911680662518,0.6960524202236272,3.060050803213884,0.0
12,0.2040150491979322,0.09320200119995155,0.9854343084763891,0.9902653993752922,-0.09561495989465815,7.280581254431449,0.803900910466815,-0.1717836643350691,5.468471697611716,0.7214769573052692,0.22024489162061905,0.44935632598882685,1.2061918029618315,0.9137483030391019,0.22823132889698364,14.455115808198265,11.620480759113835,6670.0814094219095,0.13964551903919312,0.04024956148024328,0.9991900957480909,0.9137483030293408,0.0
13,0.2237770730996928,0.051100490878033845,2.134667692203829,0.7092053705430562,0.6462536924586636,5.804192403553049,0.7497455620765885,-0.0414415184041403,0.04283350844870402,2.515011497188624,2.9711005152164565,2.8093880162470293,1.2262450068938757,2.6213915994962584,5.281142117684624,18.194214406752632,13.641031506932716,17252.618437294055,0.7824258882848157,0.9893102129926559,0.5492664098587067,2.6213915995386325,3.141592653589793
14,0.1342455753057333,0.02602179760339772,0.8079378020113873,0.5759319248261558,0.22985352027173714,8.741888486385008,0.6393071071767996,-1.1959494292747443,0.988767819576046,3.0607733451586534,6.098513396460286,0.5522273255803455,0.5171321222774901,1.7529390140226613,1.2364602358641688,15.804790655503567,10.1041149935049,5224.532009238339,0.9570526634237884,0.7215731085341479,0.7507675156784298,1.7529390140054149,0.0
15,0.17754434866621893,0.17777384739113564,1.758644949216326,0.9978908481081457,0.816896761767452,32.55988759677808,0.8297495776615142,-0.2702822317107255,4.7791048224807176,2.7840013413239175,5.217963689232479,3.6359973990959156,1.3874566603456413,5.770614238669809,4.609661523102249,89.82116946590317,74.52907742939645,13614.529805493466,0.06495989115486384,0.8147555912145032,0.6860462354992967,0.5125710685061725,-0.0
16,0.3066946367645358,0.04844280780285165,2.1468529241469954,0.7080541383548181,0.4598213271099788,31.741951950563475,0.9567471280427139,-0.24437139539405606,4.4002105928651964,1.1994391263123019,1.8435278959570875,4.394589089941264,4.885677343248646,1.629123573785364,2.61318913716218,99.88725431376409,95.56684369276597,17372.63981420827,0.7840574989496083,-0.19529951453120603,0.9809895896531823,1.6291235737736403,0.0
17,0.23397548753133662,0.4866549199608953,0.8130393880533651,0.9516500642534601,0.07955326504211421,36.4359145996661,0.7303363879283307,-1.0983519954866983,0.5595350237555224,0.0300323556813636,0.05553467817590933,0.8279760194493523,5.850679069742408,4.821476261410776,0.8155160965479087,66.0597483089433,48.2458379674083,5265.034589085491,0.31223279152246286,0.29501770323343063,0.9567969951356468,1.4617090457691866,-0.0
18,0.37624803902612863,0.36884523807396713,0.9038288829034913,0.6825108249056809,-0.9765125888820112,17.238273615992057,0.9810747395399465,-0.08452569488554815,4.129925040968042,2.8851677471629857,0.825495432953466,4.80625490613511,3.4804718003588184,4.4467179167102815,6.028360212509278,32.818723201518885,32.19762031696374,5996.488528621692,0.8196038120491748,-0.7716865784077644,0.7167355624402343,1.8364673904244944,0.0
19,0.23354182567932633,0.05243741635384338,1.3466833270663652,0.882019049326017,0.7160973228869235,17.163638698103515,0.38956246985359155,-1.277107249608863,3.745559982959035,3.1112528746737746,4.787510641334316,4.487106431812084,0.6709346676147572,1.850179091709676,5.593952055829296,40.27762476463057,15.69065098314567,9804.842404778617,0.4906663751669106,0.9457894130876425,0.5851028796880806,1.8501790917513128,0.0
20,0.2729621121018783,0.11472573043913614,1.4835810296335508,0.5607417001438866,0.9635460812822375,25.319535925956696,0.7679241945593066,-0.6238953663448793,4.651516288608991,0.4168985275680426,5.819155899204287,0.8271372285774996,2.340095763513517,4.528988811629738,2.81388488863834,62.88311910483121,48.28946858995445,11046.932807399424,0.9755150151378431,0.6014406656355749,0.8245212976841672,1.7541964955872378,0.0
21,0.12300410822490904,0.1889647452759961,2.249896717411863,0.6075128132635733,0.3934618869254832,7.185960844721351,0.9624372268272345,0.0311672015267125,3.2307012391100742,1.6428170736864935,4.833151754818795,3.5299049841983345,1.5992132597406605,0.5822454978230011,4.528529747544554,23.353630560710098,22.476403433197582,18392.41467249327,0.9178707544626432,0.43208635369872334,0.9080940320603729,0.5822454978222985,3.141592653589793
22,0.039808687722528234,0.008838846237823484,1.2557867729628416,0.7007060177915091,0.7438396343449242,9.500134690643206,0.5699178768009278,-0.38405106832086555,4.552670168939777,0.9531521856843912,3.6642699356176474,4.733541475701339,0.5153148442699801,5.698083524202556,2.0513817190734436,21.43027817651838,12.213498637614613,8995.203306840529,0.7944097278961468,0.7504600812212233,0.7313751822517195,0.585101782967312,3.141592653589793
23,0.13398497756228048,0.019557796833222105,1.8510619353946305,0.47034524059529303,0.09168073856502237,7.879626599621566,0.48421822697604805,1.0916869953843884,5.620294252117682,0.9232011166665153,6.211363485065882,2.522609293422127,5.536681813553711,5.066091464883914,2.3189910552046764,22.465303463304075,10.87810941147997,14496.12780339381,1.081114374315126,-0.7073486032571578,0.7600874782986491,1.2170938422518365,3.141592653589793
24,0.1317987864874151,0.10337792476990253,0.8614250613796656,0.6556665054910591,-0.19096150474094983,19.10799601173405,0.965735657102094,-0.8677941473822465,0.320947326835619,1.1167580644485662,3.673418537651775,4.435023220403017,3.168964021497615,5.950015143799621,0.8377101732511817,35.56810264898446,34.34938498359173,5652.396933855438,0.8557313147185323,0.4111893242430839,0.9166460985610484,0.33317016338446276,0.0
25,0.029331364213336254,0.09195646232707687,1.6315989701795492,0.7562926875251917,0.6441230045043312,42.899387841322024,0.832342863134734,1.3295490399856014,0.6635052285051986,0.4090748619438959,0.2811577515740375,3.0730291790110376,4.637468124959524,4.834795251499521,2.8763664058887946,112.89398486455613,93.96650259285398,12417.557764494648,0.7131685762337007,0.017000376236273984,0.9998554970842288,1.4483900556773128,3.141592653589793
26,0.05911108664848883,0.10198038171294659,1.9799832119488614,0.9168353794620968,-0.262455261586669,8.102218258689382,0.3342437428136264,-0.6331536447561039,2.23614184613471,0.1749146212695544,4.124891949960794,0.46812900305107574,1.308866813691994,6.155553251089186,2.520990356416851,24.144474390439893,8.07013948852838,15740.077192591898,0.41071550913965543,-0.575892626036883,0.838706527064872,0.12763205608045172,-0.0
27,0.31709863076134437,0.08740390551703575,1.437229446758252,0.8870747723259723,0.47666720182680594,10.159540018249674,0.9047798820406484,0.2530313981590356,0.7822414046989075,1.0472394518453272,4.532534928259667,4.560694509809236,2.642541483379654,4.9267801138249245,0.04421252706217114,24.761130097996972,22.40337236925885,10623.48012839842,0.4798270541062689,0.8284863115623429,0.6759919846736452,1.356405193386644,-0.0
28,0.12320456519250443,0.12753903973360048,0.6864782399426765,0.9896404495437161,0.14785683704545288,7.457722985119949,0.8621317534953798,-1.232208666644411,1.7529502174037042,0.47214599476258606,1.1753579513063113,0.7097207496397081,2.1331417135605935,4.872058107541821,5.803366692366082,12.577287533925135,10.843278955838459,4280.693363656982,0.14406586513530006,0.27319827465405566,0.9629128882437025,1.4111271996447388,0.0
29,0.16468824694070588,0.12167198337419266,0.4647072054565736,0.2639464675161107,-0.9661700157065449,21.84334242444225,0.559263860515987,-0.09931271654611805,1.1303762600311509,1.1559292904794163,1.7699001719636835,5.318968394444928,0.951464919521145,2.914018082104209,6.166163810706306,31.994101040335824,17.89314446155677,2674.0873108120295,1.3036848351747186,-0.4834096896905597,0.8854152460467215,2.914018082085018,0.0
30,0.1718896209237128,0.4882040700746692,2.061874055423802,0.3279467482014816,-0.3458431632563697,7.973830488631799,0.8089572420678283,0.6576943863287572,1.6033221105954012,0.9397753404651165,1.0117059712316325,5.68236091315787,4.982199346930012,2.7469558488523385,5.035470210272574,24.414864695489005,19.750581609521973,16538.226276510417,1.236667025838757,-0.15040050538401295,0.9887111478593147,2.74695584885756,0.0
31,0.446665814228203,0.07128791158365108,1.627894781891218,0.3730928773218853,-0.7563738107439089,29.84020868417482,0.33882249273647935,-0.9109219334442848,4.027133455078727,0.09362014556657904,4.041099777617737,3.508781128949319,1.517772889196008,4.483063688020296,5.934080708567277,78.41692869168801,26.56941925205648,12382.93281684985,1.1884559493939078,0.24073302335811775,0.9711634723289526,1.8001216190282703,-0.0
32,0.17797882956730773,0.1621152052178291,1.1950876682465512,0.796746217227103,-0.2453372886398841,6.491166224141348,0.5157495438049717,-1.2958129879359819,2.9491088568846093,0.8861873763972244,3.90955022948935,4.598311374652605,5.477205273592119,4.9040029422667555,0.6913011302039561,14.248678931151202,7.348749658564745,8461.838209343185,0.6489046409842112,0.2568206003842982,0.9672024541533287,1.3791823649143404,0.0
33,0.04417591081741172,0.3229353122854377,0.6632508318443345,0.49755545233476994,0.448186102758218,6.92746200676472,0.9105930210855785,0.5509308971629359,0.29487856563620973,1.820876449601973,5.1006665309138235,2.7373508640914697,1.7528797700609038,5.929784803129628,3.8686078756788462,11.522106945321442,10.491950172611379,4104.940439120471,1.0500179790857316,-0.3292068811073419,0.9462990506012202,0.353400504072037,0.0
34,0.20480424849872944,0.25980351346940533,0.6247571697959192,0.9873874322414458,-0.24051785564004732,9.541027368212035,0.8914048181221552,-0.19908784182168957,1.4495022213415227,1.8380189020140187,1.9093408642016176,2.9802844696719246,1.198823153113383,4.756082342992219,1.04228175961482,15.501852623721595,13.818426118605004,3817.278305603964,0.15899163565735175,-0.1638284348231325,0.9866101106519749,1.5271029641803475,0.0
35,0.06736198828975515,0.5219845698794111,0.7206229503215421,0.9843489889115001,-0.09059127838608944,15.826963175608297,0.8904309086913003,-1.0788409292638115,3.587434010065833,2.9334666752462284,1.6109699644522415,5.7672917502810614,1.814891343898087,4.572884012128649,4.177219034526583,27.23223607384555,24.248424712930298,4541.9132341675795,0.1771553444412687,-0.18181402656106282,0.983517309801808,1.710301295055115,0.0
36,0.33495097482184133,0.05238111209044526,1.4163389089305738,0.741692614813217,0.3652422357477747,11.822093390872507,0.8334097183571388,1.0257437285486426,1.244316345798826,2.5918676189728704,0.9652226195049655,4.364199887434435,1.7868052517230755,5.660329109269158,3.395618502629533,28.566184245376224,23.807335566477136,10433.582258077553,0.7352059730087076,-0.33293438974321793,0.9450874033405045,0.622856197933894,0.0
37,0.11208692707919668,0.30084589193323424,0.6560531275859575,0.6801431175543637,-0.7940075788913271,37.96045787446441,0.8478678973116868,0.4525666033563318,1.6404012285314833,1.0533613819687613,2.9752862555476187,3.0522584347643487,3.881152228347083,6.189167312337835,0.04697868366553776,62.86453498760177,53.30082109541488,4050.806218069549,0.8228384818957007,-0.0957135971249285,0.9954229494958218,0.09401799485266604,3.141592653589793
38,0.035850086972712636,0.15452113537204828,1.6392498373528845,0.8842087368183751,0.9371322613090594,40.35410895795359,0.4854624848108618,-0.9587412637522823,1.9063789381454173,2.9213443201088953,3.339468779878585,5.990770028480167,4.888859823217941,5.530812377184539,2.914134374248174,106.50457550379959,51.70397586780059,12489.12501873079,0.48599906157958334,0.6848198710791582,0.7745329972345667,0.7523729300062925,-0.0
39,0.2604232072289717,0.06639813175641357,1.4966962700798812,-0.005560956301791389,0.8174366930942076,8.065043950950308,0.38717536485877546,-0.7216200801749963,1.2251030366954925,0.8487180951910315,1.912967691405598,2.6203317358610754,0.29766127266811276,3.914505741333492,2.713296031096597,20.13596515036794,7.796149653877295,11167.265768608202,1.5763573117584735,0.43326613060966174,0.9075993493661823,2.368679565982784,-0.0
40,0.21496604867764357,0.03891427369943879,1.564364176669885,0.466672209549829,0.5780379659593458,31.209185543591637,0.7158295853045925,-0.7939267574451341,6.154687543127799,1.824233103269396,1.0728248147158668,5.7318897007318705,2.370684047743648,4.849569801040058,4.134394844971638,80.03171739103006,57.28907107123539,11791.619438999296,1.0852719373308615,0.23128828345419344,0.9733718874307031,1.4336155061280538,0.0
41,0.13444312458067498,0.014063462886591589,2.007609922343738,0.4443084961267091,0.7643075516294575,15.04080888847614,0.6209062316031404,0.5629156899337201,2.5419370247118986,2.146935485248105,5.186281314512917,5.85723331667382,3.3395147688012887,5.642444051274125,2.4250467894830914,45.23688605305673,28.087864448664114,16008.670003484158,1.1103940902227862,0.7920650469704639,0.7023769030765276,0.6407412559326034,0.0
42,0.2472128626905054,0.06477148230240158,1.8145435341954115,0.05964491850387503,0.7530348472073333,33.15161881182071,0.48664325122678853,-1.2484875531636992,4.3940021448917825,1.2253077887642925,3.9183466110232215,3.6109810081852385,3.233177329527851,5.86746748800471,3.4133942740886773,93.30667437492095,45.407063378970804,14146.717321735136,1.511115986927905,0.6709418286691791,0.7832364559205196,0.4157178192331087,0.0
43,0.205381749334832,0.2691502119012611,1.272003654463576,0.40026927921120886,0.6867941451168535,27.537380679695776,0.9837196994925009,0.7021429558327609,1.7736717350605713,1.047972636960841,2.5648009890678556,3.53678763410924,3.7234784494301345,1.2115532933784072,2.230198991682737,62.56502953862348,61.54645205647413,9138.713362081064,1.1589856541767765,0.6503480619491184,0.7958731079717191,1.2115532933861886,-0.0
44,0.13732145477647237,0.0679814148532992,2.293659649128252,0.631870170700977,-0.40679248041014876,12.761127407444953,0.834025168679321,-1.046397284017526,3.330317995322613,0.555356113192477,6.26794191853725,5.6731488543542,1.980968461014773,1.708138435489788,5.710205917638987,42.03081041928606,35.05475374967362,18828.04481476192,0.8868325890968453,0.32940954881190093,0.9462335101977818,1.7081384354654328,3.141592653589793
45,0.16962263037673775,0.19747427986024307,2.2086290855361868,0.5562865106390738,-0.8732577751974776,11.446708963751114,0.8688698440388424,0.5594021771261682,2.633010643924822,2.251266374889136,3.193836689755987,1.7711413663126392,2.935146174765633,2.032683176600675,5.7214147471675005,36.72824331475961,31.912063040715836,17982.98867645652,0.9808859962971129,-0.42603333292017576,0.9106121819993847,2.0326831766144946,-0.0
46,0.1892698674350516,0.32664234531946673,2.2969362344899804,0.40507418834381154,0.9819350102856165,7.808146347732433,0.8609466821897057,-0.4251895515342153,2.9394786249238396,2.886148644396954,0.006597718002144718,2.4257560055924894,1.3729738272587522,5.947875864625995,3.0113615896514028,25.74296061803966,22.163316533841503,18860.71995855377,1.1537363539644099,0.26797266789050134,0.9643096686167923,0.33530944258022943,-0.0
47,0.21045058459947258,0.03512631966295343,0.5577941989730566,0.3895536136892003,-0.37057084552047564,9.951905650786854,0.6040510480662965,0.981721348084166,0.32697431933904786,0.4235913924291024,0.4894457258275449,1.7822165878473737,1.8292346773129922,5.121744225023695,1.1125082971071931,15.503020891522942,9.364616017718124,3328.1578689152784,1.1706494574975226,0.09042254596640062,0.9959146662834591,1.1614410822175538,0.0
48,0.04047115549236874,0.24889844337766412,1.3735282903617616,0.6158032247687366,-0.6549462093693753,15.41622340127966,0.6556896671072858,0.1454852021595189,1.2427635130947972,1.9879188241149506,3.76987268200927,2.4984328223672576,2.3047758541728762,4.66265318937986,5.447802844471706,36.590842373474295,23.99223725503853,10046.332366423518,0.9073913157687354,-0.2277323075645077,0.9741808739637953,1.6205321177906433,-0.0
49,0.1060872749936837,0.04614237805720511,0.9688866602783831,0.45697794164729616,-0.07045203852013582,57.848397015670066,0.2457109225592288,1.2595449524053537,2.8863866437222487,2.21569551713672,3.474868453575466,5.428913034901913,1.5529553991204321,3.340151295176231,1.6867840864819656,113.89693720264061,27.985721516731374,6532.327074580873,1.0962016691100482,-0.3639755623605929,0.9344889432247887,2.943034011949498,-0.0
50,0.17160308970965688,0.1956387439817816,2.0442302760734026,0.4453525785568717,0.48711946102023546,8.739532677424528,0.8138813298410658,0.061652135754538026,6.2370275503975465,2.814684578755052,2.2102453340124337,1.2869054824979447,3.760929900172851,3.8594435583821323,4.430741279912849,26.605149975348592,21.65343484255771,16365.757750729852,1.1092283183048732,0.6885777862972884,0.7721505265983905,2.4237417488053143,3.141592653589793
51,0.13359700596580049,0.3939378994596392,1.6014063418983695,0.591650541510909,-0.8076499080166848,9.624742082204532,0.9333914655250286,0.7226620583613803,2.6633593510042215,2.2679236315265356,5.1597164915596165,2.8542000117698656,2.189854094801971,1.00802708076023,5.474048421662012,25.03786509178299,23.37012959163728,12135.802790612644,0.9376916962291627,-0.7965332195790142,0.6991894337126852,1.008027080793109,-0.0
52,0.17132940096225932,0.19598924337804755,1.4017290239267353,0.40673880073667923,-0.11961948959801688,21.337578763333006,0.7522256942524381,0.5553380732813114,1.4158701793118926,0.8501917955269431,2.940413032658567,5.9292651659333515,1.1437257221608923,4.762431018659331,2.661154661880428,51.24708221621962,38.549371998507574,10301.135700288429,1.1519149444611407,-0.945079685843198,0.58567829202703,1.5207542885041079,3.141592653589793
53,0.4045974376825376,0.09202389699428254,1.9268567719188632,0.4672767150134589,-0.6615040623908262,38.45921761345713,0.9993339484944924,0.225119428037188,3.9905088608993893,1.8786009504460761,2.911055406268229,3.553646280080318,2.085807043338415,6.18087377215409,0.47899322738513345,112.56462151464821,112.48964767902149,15225.546294324738,1.0845883170148187,0.22168179658816656,0.9755290515348355,0.10231153498380562,0.0
54,0.1801273187443306,0.10179930113919,1.3358441588525225,0.6129227687978733,-0.11081066463714999,6.460410028846155,0.30976160514320217,0.24365388439646085,2.6077376693674306,0.5884613804359128,3.4679482555235226,5.614408436493094,0.24441125939918718,4.24829587163248,1.855592394527182,15.090511029672548,4.674460918982565,9707.635858558655,0.9110419807016676,-0.49541658378277614,0.8797707430039181,2.0348894354728824,3.141592653589793
55,0.6073886087629249,0.04008636965519202,1.951023757648075,-0.21008037301826604,-0.8454386963260925,7.136695314636963,0.5684616974120617,-0.13398939615749925,2.560404023670456,2.5497061393670477,5.9905030435571724,0.5032339499543231,6.094278056675573,1.243735714080913,0.47169967493216236,21.060557424589383,11.972120222026279,15459.277910683508,1.782453493379229,0.5429250248167428,0.8562011537969418,1.2437357141953682,0.0
56,0.24807168121016981,0.26198773680180937,1.2509563594107869,0.4171424192630453,0.8572030001843488,52.07228314445017,0.8908612886206295,0.33173809349976047,1.3983127418086472,2.961550991376428,0.13618884764389882,3.5867236529265516,0.5189228257893157,2.239450749236271,3.299441131459039,117.21243689303923,104.42002257289714,8952.537974231393,1.140497486654454,-0.0882993394400437,0.9961041455721437,2.239450749215215,0.0
57,0.06112803507459276,0.2680961895124448,1.4883273311500886,0.4997708276648142,0.9242331222512912,38.279436308256294,0.28092936677293356,0.16314165317383889,3.6062014388624513,0.2636450568558243,2.7719714078762063,2.703883659044574,3.0055590758589097,5.265100065523891,3.184143210453438,95.25176758685319,26.759018752177305,11090.454414709826,1.047462156406652,0.7918622766932444,0.702521221580044,1.0180852416407629,0.0
58,0.2191764295512013,0.035331589381695734,1.815368176697334,0.8661994538836669,-0.7218428273653115,31.06152554237354,0.5221186693156544,0.7215019427068143,3.270503193576915,1.6548262579312494,0.15172438498467897,6.205815117350356,5.0684099752821625,5.93083608745691,6.1182977899526705,87.44963053166987,45.659084725341096,14154.592633089671,0.5232505703899398,-0.28847549896839386,0.9586786962772934,0.35234921969599686,3.141592653589793
59,0.14830491462002895,0.1652099012952617,2.1351826416682234,-0.2088980254740314,0.6773443031303411,7.723142653613973,0.8594716278069745,0.11699076409460035,3.3628512471602265,1.778276133781231,0.28548661853817114,0.5343057328544719,2.9931595569961815,0.7816464316407484,2.9219073149468806,24.21346278673799,20.8107842761613,17257.688061143843,1.781244315252399,0.5557837776146387,0.8494871728992038,0.7816464316514713,-0.0
60,0.08915749039895039,0.4344678978248689,2.2450843761145425,0.8919414837238593,0.21437179727446598,26.057234961537784,0.802894291836246,-0.3773307219169811,0.05422261079793538,0.9721380874587562,5.762517136174539,0.7258905982730072,5.604290579541146,4.24680661106927,1.3781261520534098,84.55792605843189,67.89107616182633,18344.601409798506,0.4691752923863714,0.33190727135525866,0.9454225852161253,2.036378696114082,-0.0
61,0.04017229802280148,0.018976284153530955,1.357479476243133,0.4790023537848224,0.6671470759862498,35.153894645995194,0.9430936189443667,-0.3491759639137235,1.9997247547190897,2.280693525751905,3.6694629230794016,0.5636413498079905,3.08303614395833,4.79192888401411,3.169859853949861,82.87458513794702,78.15849241625949,9901.835309738013,1.071278479845502,-0.3339228711822247,0.9447638884560012,1.4912564231678715,0.0
62,0.08450395406429688,0.2797118891735195,1.149907735361823,0.20046586212940629,0.27488483416136716,10.153571944396184,0.4718138109262113,-1.2637618125618666,4.235674196018034,1.521700385688668,0.39674008234946995,0.4632429567126015,2.817305983363734,4.718572917047068,2.4488695161990224,21.82924286481014,10.299338265679879,8068.872629727676,1.3689629143663953,0.9949826563794176,0.5445174365321777,1.5646123901067979,0.0
63,0.3639885582145321,0.46988052760796406,0.9361481615239948,0.5264794753270029,-0.9370046875562731,17.678616684246883,0.8078393649715232,-1.218383925435084,0.4206068928810939,0.035351239231245245,1.338838236005774,0.9726932697527999,0.8242833496134678,2.089421169502272,6.15474646449715,34.228421191492025,27.651066039312745,6261.515370716063,1.0163419747713809,-0.2160146595944179,0.9767594163137278,2.0894211694510365,3.141592653589793
64,0.15941165292988907,0.0503257415542871,2.1500652576227557,0.9169013720186571,0.11986320025448517,36.93569014934399,0.8388320169112097,0.43685966008898486,2.944888251606326,0.551268888729359,4.135918757812086,2.2192883293976453,0.219079641818139,2.498869136878227,4.347851596686262,116.34983430576756,97.59796617799206,17404.300940474568,0.4105501928374665,-0.024414086887541,0.9997019909834625,2.498869136887159,0.0
65,0.04389573472164032,0.42413595814525373,1.6708277344768978,0.4064864993248318,0.47894691862238303,37.61390716038246,0.4408269742562225,-0.22474242521954574,1.5950414141548277,1.7801655227688802,2.1813987946914586,0.12339868653760624,3.2535520629185526,5.434561499728821,4.0502848043986335,100.46026644598867,44.2855952903591,12785.223795165954,1.1521911060557573,-0.1807988158884593,0.983700367236904,0.8486238074366331,0.0
66,0.14962747490055697,0.23365790719497104,1.9484850802440625,0.8561264755828442,-0.4118484374870548,8.638986713020222,0.6284688564138676,-0.49098400363251693,4.624053605453326,2.2688932658624363,0.5650005415524765,6.116063539189238,6.182406166096686,1.8091877155390872,5.628224720065049,25.471923431766818,16.00831058982409,15434.699257891698,0.5430695527184779,-0.0023555945187312965,0.9999972255885146,1.8091877155268823,0.0
67,0.012886496273882006,0.3106533679982378,2.0623843466393397,0.7375469798134574,0.04176911094532793,13.211167544614417,0.9842562074671124,0.6204803731304304,2.0082695179228844,0.6046756521943859,0.707740484205289,6.267472364517718,5.482400436755479,4.0570506676603575,5.382504079727825,40.45767268945687,39.820715484270586,16543.218434105118,0.7413657229962313,0.5365154645020316,0.8594949957132452,2.2261346394916908,0.0
68,0.16884657112072207,0.1847528349794872,1.1370634303764806,0.4416784696832988,0.24266260536750622,37.43862067681427,0.8475708750660904,0.852783833200214,0.26421533976281064,1.4605555686105849,4.839346997146575,0.31953340360496646,3.0768872236086597,1.7225567502089434,1.875746445424877,80.00870713215653,67.81304991690845,7957.807915764512,1.1133276710717006,-0.059396542434033875,0.9982365439135388,1.7225567501819083,3.141592653589793
69,0.01810011575309908,0.34622349636698796,2.088548625397889,0.03649390398748489,0.9772601924683156,13.51990661900922,0.9157363702595626,0.36784464364014924,4.235778847655677,1.1806054873607308,2.4038269033219053,4.205210669579608,4.248690759562773,0.24652387380878263,2.933649110426086,41.756889003648745,38.23830196953274,16799.484393007846,1.534294317488049,-0.012766142434156934,0.9999185139103632,0.24652387380808166,0.0
70,0.34149467531038735,0.24428796857548582,0.7052252819229956,0.76454506534662,0.9014665348659844,29.277850514562456,0.8909999448046798,-0.5414363802001271,5.654757655895517,2.9137587336168167,0.5634127025668085,3.1815474583444483,0.05927163258555972,1.3309621367514801,2.897208325049293,49.92533089779408,44.483467074289905,4423.70088698627,0.7004610873792418,0.4475697769939743,0.9015015055482853,1.3309621367244433,0.0
71,0.23808549411569196,0.03646237441778257,0.47880442658439903,0.41196715063870165,0.8731387276233438,7.039964546530647,0.9518787739286242,-0.38449567750371705,0.7279434378972176,2.5035439513347266,0.5667495571566658,2.6038348926210246,2.5527966101172237,5.710331560708412,2.684752704536403,10.410730734406753,9.909753607168145,2771.087054385116,1.1461844552509626,0.16001078779941297,0.9872255646253261,0.5728537464712412,0.0
72,0.10402251399294894,0.19109792321489597,1.7356165099508036,0.9763401433306608,0.29720227293420104,35.57482302321635,0.9376752399776964,-1.2527198209528045,1.5736628107242938,2.8886258694927434,0.8537129837268239,1.975274238949593,0.0712250429010096,2.3051144239540236,1.1937578607710373,97.3190732008886,91.25368531805022,13396.244709966259,0.21796214334468633,0.3798353922566662,0.9287256793762475,2.30511442394305,0.0
73,0.03134860867297767,0.11451859533874162,1.436574695236841,0.9159977096706838,0.6431194789060003,28.487905511586384,0.9205956825046537,0.4425864324106682,5.408440440600357,2.390411044709245,1.685984751163245,3.2116832982306494,5.852587105506243,5.360246442748512,1.858519312209141,69.4129096898295,63.901224970542486,10617.519257686106,0.41280850834561406,0.6029458809487828,0.8236686665930885,0.9229388644418478,3.141592653589793
74,0.25647178267033016,0.15067609712005173,1.2441943530713258,0.977068327652674,0.1827175680824053,7.23915396675416,0.6998086955069109,0.5236050070550469,3.3567631914922478,1.4242772741877316,5.699775466371779,4.422356992025775,5.119178422113886,4.117116880268521,4.960968963783382,16.246068453203574,11.369139971352372,8892.874589439649,0.21456866444182868,0.23906646836815587,0.9715594544891275,2.1660684268878243,0.0
75,0.037466867651970825,0.23669096908953058,0.9738214466710666,0.9632729929135192,-0.4716232024582266,15.935357431896994,0.6134648318210595,1.2091241954293706,0.9234512187694001,0.08292487635016321,4.750999058583884,2.545761180605208,1.9386594936021593,4.802812509330183,4.2245676896878335,31.453550259447457,19.295646920087176,6573.347222732466,0.27186043249715197,-0.5946506658379528,0.8283442531603963,1.4803727978527494,0.0
76,0.03242902626304997,0.40859744668310727,2.24647672010415,0.5406828774291368,0.8099450800282981,14.705195467708739,0.9329768747882436,-0.01490895278064691,5.817747150396867,0.7754511465113629,6.151262160768857,1.997063542459721,0.7930630454488931,3.166927893558973,2.611715873432057,47.74007475049748,44.540385742876275,18358.433258467685,0.9995476649157576,0.1766014778747586,0.9844464459146901,3.1162574136207017,-0.0
77,0.41964537530929774,0.14982929247915747,0.7849205088991978,0.7626298208626091,0.8926976884435707,9.45361566925322,0.8122076816526006,-0.7180568334988429,3.7033486138574747,1.240082064713154,0.23075518827650168,2.1508186278651262,5.901915436877238,2.5768041825365366,2.594405766249068,16.873952491300887,13.705153833275618,5042.621341216667,0.7034272248708537,0.5810438231933486,0.835890154232383,2.576804182535714,0.0
78,0.19203158961923977,0.41150040415144845,0.4114006546018683,0.8421419118876595,-0.06112738597780581,33.52567291774231,0.7890290042678971,-0.7353630019570688,1.3502279334043137,0.9386378894696182,2.7085850568566396,1.929057277952117,3.1009288955740195,5.357138141456883,5.444689427721061,47.31815670206963,37.33539806642632,2314.3427395435288,0.5695533610209843,0.33134824458823897,0.9456045945608811,0.926047165726437,0.0
79,0.09169191429074669,0.2842226614644416,2.2629858186961145,0.9575303354895848,-0.41182666779905863,9.100956608506298,0.549559709349161,0.49977896533527993,0.145678162372568,3.1384325562765643,5.171242406977688,1.3669172874103885,1.44753003403013,2.2568786526968605,2.3636594472888577,29.696292350124736,16.319885792682264,18522.553156588256,0.29248496806057783,-0.6014633009919839,0.8245084896884085,2.25687865268178,0.0
80,0.11368672866798578,0.4176312737503667,1.438682739107905,0.6366781428791164,0.7173027155087208,7.092549275339167,0.9428394244922668,0.053472121387181756,3.8906529088888306,2.4049801618578837,1.5024604597520745,4.070825707207546,0.6342755506436502,1.5391764728838717,2.7540748481582282,17.296477494041902,16.307800886225913,10636.713018980334,0.8806135429768649,0.005281083483677451,0.9999860551110293,1.5391764728654438,3.141592653589793
81,0.19186226436722442,0.4295713346996879,1.9430156657758437,0.9991554641326802,0.31958055015788134,8.490550876017881,0.5659319521511553,-0.7139924836884936,3.5458580599258473,2.2857980504424047,6.16529979015552,3.875572832364168,0.39901733382917043,0.296603144474319,3.983535717912961,24.98782423918744,14.141408151693305,15381.766642009785,0.041101210871953245,0.293668917994793,0.9571882931684387,0.2966031444884355,0.0
82,0.027743855535888654,0.10385574101930392,1.1622954857039451,0.6653715019197668,-0.5739694738359573,10.429287815772652,0.8960752279552036,-1.0162555933582682,2.1021866753876854,1.8037725557683904,2.0245486218773916,3.909741469492008,0.5094169722717864,5.881549600207407,1.24858016977925,22.551201963152362,20.20757343979559,8176.266008872114,0.8428049690610174,-0.5709434472983933,0.8413914861543184,0.4016357069642799,3.141592653589793
83,0.07311703841709054,0.34118789278786626,1.275349230751644,0.9641594902049397,-0.28798507583363075,10.939990996329067,0.7694490420358927,-0.13099977841746938,6.182948213646106,2.65654878970282,6.097560301748917,5.666621543895799,3.100725275068727,5.5866570993892095,5.871159962395766,24.892300097927254,19.153356464420085,9168.371567041328,0.2685392715815591,-0.04681043017718478,0.9989045918582513,0.6965282077904389,0.0
84,0.2334518485372145,0.33538628150219824,0.8341886212235345,0.44573186694531475,-0.5502091106863147,35.080898449754734,0.46645282437995084,0.813357299573023,4.821564909701866,2.361405081654714,5.409534437455743,2.155460073534767,5.07012804030916,3.2160932870632792,0.6523892520982397,64.34498475883846,30.01389987544509,5433.640333383514,1.1088046559044828,-0.9880101891666664,0.5503523068065442,3.067092020062471,0.0
85,0.07655216060297067,0.14871084268625082,0.5921173186341167,0.5749122140489427,-0.31886356327571697,6.839805166145746,0.8681740199738966,0.22726686944898764,2.672431470413873,0.39839082686191996,2.299317467333898,1.318211669043335,0.6700512491813717,3.4245599772978035,5.333694647763166,10.889772261103744,9.454217360522668,3577.0217262541487,0.9582994723670377,0.24794263325824167,0.9694193714439797,2.8586253298827957,-0.0
86,0.20418031320758998,0.03158470110227733,1.6921975983456143,0.7197239950098536,0.41219218565841126,7.438436411887154,0.8800486359535484,-0.24415299120775114,1.8903344052349402,2.8362040920648157,1.8499493898394306,1.4032806280142032,2.460817374240015,2.350840769319557,5.372058301257333,20.025740643529165,17.623625737297377,12986.24728866325,0.7673916424297778,0.8671453700960093,0.647005793201227,2.3508407693484727,3.141592653589793
87,0.3346067685805494,0.07260402655495002,2.2412517345070735,0.3678561229018723,-0.23588948368753815,15.204014360980967,0.7040951987953654,0.6885062136889987,0.12666216437743005,2.0785089302320565,6.200755637232428,0.5343830833117853,6.108338089802028,3.3460998809514195,0.8330414948327184,49.280037919000016,34.697838095221464,18306.53493138497,1.1940938954311926,0.6503505338763924,0.7958716113076583,2.9370854262118695,3.141592653589793
88,0.22717582565800895,0.10702592342755939,1.3688997795649125,0.6474255186062448,-0.7730982376437368,7.781036381894645,0.35843079909935394,-0.2581582686885442,1.7191004564889272,0.3760127506131776,0.9468120382078464,3.757013311921409,3.1898062851018643,3.6485397606141574,0.7988533892139631,18.432495369856788,6.60677404481291,10004.620835650432,0.8665947711297656,-0.9576293931662502,0.5754603538571151,2.63464554646534,0.0
89,0.0461214215699625,0.09947635971475491,1.368347291672606,0.5277853265920449,0.8383268315835942,11.368306450369918,0.4062237362929444,-0.35861509822361703,6.225401653651342,0.11744939205652777,0.11382711158789348,0.9230601236649483,0.8784383843605174,4.857986118591329,2.4864291782961927,26.924097792637813,10.93720760164195,9999.64395405106,1.0148052868353217,0.7619884582136595,0.7234646871495363,1.4251991886052737,-0.0
90,0.23101014801717265,0.3809311824553855,0.4004983489035183,0.9097216773303263,-0.40621370822590874,8.69890156344937,0.8881863306247175,-1.26712375913842,3.1743047550304766,1.6147053536858593,3.152047082036673,3.6325844159027993,4.426622517507668,1.8965094368033109,0.43634598896012544,12.182797276885077,10.820594010101358,2242.1861999656126,0.428183061909531,-0.033094082438989925,0.9994524408312323,1.8965094367724724,3.141592653589793
91,0.11297120613536611,0.6513195247299851,1.5627374742446039,0.3992547916772346,0.14497190600462448,9.314387143598008,0.868158223978581,-0.6192990440731604,2.8953502376477362,0.8256735338979427,5.786133335089176,1.2291239015501487,0.5246541116850677,5.175576229755608,1.7667620740988288,23.87032898252077,20.72322241524968,11776.54299701714,1.1600924255411802,-0.08250601357649873,0.9965983091966113,1.1076090774171559,3.141592653589793
92,0.22430181645291075,0.08167504650081867,0.8075898685521087,0.8414955506618417,0.08549110383951213,63.42011675061525,0.6947114502749999,-0.6792543349280141,3.2673573222602785,2.4111591222963105,0.5827972463026319,4.250765444480129,3.6314087485130937,2.4846274800079775,3.717368101409451,114.637560500804,79.6400259115016,5221.772097492069,0.5707508583164023,-0.39347991147455275,0.9235804402805281,2.4846274800306802,-0.0
93,0.07122108995529991,0.3795138364019377,1.414439070259762,0.9215311947368965,-0.4546083262081667,32.64927422259921,0.4579025160227569,0.26920241364696473,1.0233943491280844,1.9100051116017247,3.419773324408694,2.611882268387813,2.2191851243634124,0.2923195000210252,5.569660650549242,78.82968329866846,36.096310319737384,10416.342350438097,0.398790826884661,-0.17993850838133016,0.9838546997463099,0.292319500031622,-0.0
94,0.0615502392420931,0.13127727003674902,0.3479047376627427,0.1874161392028153,-0.029600175417401123,9.115325359286517,0.3113082391908994,-0.09411399383201881,5.823519676569814,1.7996950500452997,4.778107443522629,1.0817370747737387,3.608539504812097,2.4400487468952234,1.8131467378558017,12.286590237119638,3.8249167723778097,1901.2078305293908,1.382265314879872,-0.8401374443742575,0.6673604725294554,2.4400487468373027,3.141592653589793
95,0.18590051342707062,0.31593837959367627,2.0714682921178555,0.5800964196165569,-0.9177228483665637,11.022399952533341,0.5432243182220646,0.8980139830205212,2.5113859921839183,1.2265247598591957,1.724645411358323,4.114162548502128,5.5047960728444005,5.443646081928331,0.4381077717437765,33.854951957247515,18.390833195416533,16632.124126186773,0.9519492691573891,-0.7686516220188531,0.7188486701292618,0.8395392253056364,3.141592653589793
96,0.021311885697029822,0.09346325353755344,0.93377053879061,-0.3240080396792775,0.32061612434152437,10.17267667697851,0.7450159464241392,-0.30490430217815173,1.5538410147697483,2.6174100239525826,5.237402132197095,3.965858676643526,1.7876990166637423,2.60967110650296,4.302010589446781,19.671622458583403,14.655672423679865,6241.938773128382,1.9007593427273,0.16029713612715807,0.9871799006003366,2.6096711064991682,0.0
97,0.14575261064465012,0.04596382029082718,1.0625773239150802,0.530331171653974,0.9370894501675436,31.360110191317425,0.8254825013182953,0.44580100035674797,2.54917273818103,1.7228568441257552,1.0840070993961093,4.021343375299891,4.101780041445683,3.7553206387171705,3.0691501609958363,64.68265215608953,53.39439749371001,7319.6733293518155,1.0118051800719787,0.2071653801801725,0.9786178892259983,2.5278646684426422,3.141592653589793
98,0.20129300644493742,0.5120970004928709,2.2816573721747764,0.4846579434347837,0.5570093957900203,11.219427934457784,0.25384344712279305,0.0109133844320634,0.44192592594942515,0.6870061208118797,3.419705942824409,5.826005915435729,1.6978640638855043,3.7473184685303953,2.5248339020680874,36.81831839269701,9.346088858066743,18708.424065792842,1.0648242556823913,-0.26879901598546757,0.9640905414270533,2.535866838518907,-0.0
99,0.19533840048011436,0.06490630726992369,0.7209241253736977,0.9158688277704471,0.5700072303019096,9.099721657649127,0.6763013011299099,-0.012006884172561834,3.797388966227776,1.20674908296675,4.047161342986013,5.8633256430707315,4.338518788102513,1.0441004056930563,2.0475317653659033,15.659930534833919,10.590831396312186,4544.232137271969,0.4131296448618498,0.4419220573259892,0.9039313124412863,1.044100405666888,-0.0
100,0.17713693058687657,0.15517938648647847,1.1391095316868727,0.9677242685165077,-0.5951547038907582,24.01270434158749,0.9441020558697891,0.23361665240952278,1.8745319183271203,2.062718314059287,2.344060287092047,4.889166945824109,2.4401767596144355,1.5804043873001388,2.4005928603061806,51.36580473866855,48.494561855183136,7975.480863131055,0.25475816755297775,-0.743492724262475,0.7361089574393831,1.5804043872917248,3.141592653589793
101,0.509622947314784,0.1363024031532594,1.3704450457052744,0.14423026592592436,0.1944098038206197,13.544697679213234,0.8522633112841314,0.8473546666045838,2.0201977541016922,0.88720587818769,1.4301560236649713,5.019880259271656,2.833220369234824,0.8661134652402799,4.067197418696578,32.10696150926674,27.363585331159822,10018.543133168445,1.4260612658063343,-0.8467791788142524,0.662399458319665,0.8661134653542854,-0.0
102,0.10379750316314848,0.14201908010941589,0.9042451550608246,0.948100567001446,-0.46955792979693506,15.265606606566926,0.41031502517480994,0.8913537970595269,0.49902868824532676,0.34465344142330073,4.185253269450635,4.259137226575927,1.8554230428498515,0.8412359889033512,0.06612926293108161,29.069457419619585,11.927635152949275,5999.887092351109,0.32358824713884904,-0.16521725000980286,0.9863826482478376,0.8412359889096435,0.0
103,0.19202313687502048,0.2042867596071534,1.516993849754316,0.8111630856199126,0.9121167526068907,11.198366680522964,0.9208169462027931,1.0520603356106342,2.047501334826494,1.2932608568149742,3.505635448465647,4.278997558835906,1.9216484566960133,5.045225425242029,2.3718827924299966,28.18622006216996,25.95434908264724,11353.936460881298,0.6246581534181678,0.9114220951134595,0.6126223798513352,1.2379598818916093,0.0
104,0.2128322759067196,0.4855246565692481,1.9158299039823798,0.9697544094932644,0.1971299669413159,9.160927984568655,0.6406872356684519,0.0579802462198826,4.117417880822252,2.704611222117341,0.925339332265446,2.587460584754429,4.6155534228616535,5.971444857292144,1.7080226644190624,26.71170776563432,17.11385020834777,15119.083100704502,0.24657371417936336,0.16934458583958578,0.9856954397211988,0.31174044987603017,3.141592653589793
105,0.2165389109742356,0.22228725036004168,1.5734760373744612,0.9318200731174839,0.0832409475235646,10.131080327550428,0.3748701224236854,0.856855482896558,3.9438257438826456,2.119938249740815,4.689688872541835,5.246649248798584,1.7761847495132432,2.6253252376551557,0.6073084702557205,26.072092455666834,9.77364849069747,11876.129140542918,0.3714002682916492,0.38456728377132776,0.9269608564329969,2.6253252376412983,0.0
106,0.07781868231258815,0.1666430547081692,1.8517206714440697,0.45965688750638056,0.5042741681474928,24.675516337360968,0.3942743945805855,0.004114104008150774,1.1170586307186714,2.0543888741113983,4.4910135996509055,5.192272537461052,0.8092073117406098,0.0579957434645519,1.8246901377585203,70.36768001780813,27.744174437061663,14502.442946564437,1.0931875128420112,0.8177358642201211,0.6838748706684126,0.057995743484919225,0.0
107,0.15712637274278746,0.3862882127182491,0.9791650798439976,0.7867552188063247,0.5635284068936969,8.205510703136538,0.3919100319657467,0.5175478721109239,2.1959364341360557,0.7343929893076123,2.7280974625234258,1.249029754962627,5.031551019376169,0.3799418149095169,4.375287547869915,16.240060245934004,6.364642530109648,6617.8240069071835,0.6652617891062403,0.4900676671996717,0.8823010106541653,0.3799418148423753,0.0
108,0.6863570610854502,0.26727113999455626,1.4280230117948178,0.5739056830357762,-0.008909817080615369,38.0688707362692,0.8984070686279432,0.04411576218994934,3.941326092851359,2.402483441359822,4.358367681042193,4.5783502412518535,4.467080101666672,3.3500921429410178,0.3671624739635543,92.43209418070394,83.04164678002819,10539.718395368545,0.9595290960238237,0.7940413096551364,0.7009688182704574,2.9330931642634894,0.0
109,0.23360685718010957,0.2229674180637179,0.5458777484516998,0.645715721858081,0.7105222050742979,7.166444366499204,0.38700947858052487,0.03521665483916229,5.136275221138885,1.4382379944693169,0.07488792025587991,4.4391788403237165,4.5016888484414705,1.83716889966626,3.9004627285159357,11.078446881688157,4.287463951164175,3242.6930733174318,0.8688360880425053,0.2755130707637667,0.9622857481648321,1.8371688998009057,-0.0
110,0.28578624665964564,0.07051675305114748,0.7123877364062762,0.7890752697870259,0.9771433913066678,12.59488968004283,0.7565848471847947,1.2375299631803585,4.1134192111069865,0.20464199808135713,5.889244521965784,4.239957083381145,2.722229409723265,1.607316575850005,3.4742443503727176,21.567334629495306,16.317518574840037,4478.605310963787,0.6614941364631981,0.7608002148477466,0.7242844935583207,1.6073165758124284,3.141592653589793
111,0.17540226617393997,0.21878263493986275,1.2284022133811576,0.7338625809647011,0.649722321333527,8.772076364256682,0.5112575878504728,0.8788656731316402,3.7887161588578238,0.6823347532943643,4.557719703291651,3.162527379047355,3.997056647450443,5.393877181404064,4.281698335180025,19.54771438605813,9.993917305006065,8753.824197237029,0.7468055674922492,0.5670205043472999,0.843505067185925,0.8893081258331321,0.0
112,0.11425384564272743,0.12032762322255995,1.3483315120677855,0.9403594915476646,0.9521242759718627,36.54829315683542,0.8751028178028346,-0.2369684711126234,5.403428574521948,1.7839042015283062,5.072256981188651,5.03101854130873,2.8890279654922812,4.50616534385132,3.4727127510354197,85.82750853248803,75.1078945617771,9819.638672631496,0.34711079874639617,0.9992482494282737,0.5409347294322563,1.7770199633354327,0.0
113,0.2895997143635528,0.1429932165002559,0.8991068372783299,0.6083725526058008,-0.9146115309818791,6.919874893162239,0.9081336785365686,-0.2914665753181956,4.446916302628732,0.8676729676621386,2.1599293252335134,4.430863073744798,4.219976816050786,4.888333899420923,0.49898108809515507,13.141581722715062,11.934312951638164,5957.964153448833,0.9167879331488554,-0.763187790758838,0.7226361941518952,1.3948514077884193,3.141592653589793
114,0.04322571145932474,0.12297854594032823,1.098598748841274,0.4174405623759186,0.21335571075390725,7.07483537902231,0.6679642564010378,-0.69345768713922,3.174514828419903,2.13088926992517,5.134698941013222,1.1399561863673247,1.9048001633831204,0.7360028627207559,2.1314106876809578,14.847240674674202,9.917426076865997,7626.986426258542,1.140169414391055,-0.49475319431989906,0.8800859235439893,0.7360028627022189,0.0
115,0.20851641990103012,0.27325095602119,1.5685074416281621,0.7803485764216133,0.6715669962440272,7.583428613839564,0.8238169309105456,-0.20786185893924164,0.31667079820854305,0.4416236716389104,4.680962213289974,6.2198687116689735,2.7657509258899684,4.883556785166173,2.0676209352918993,19.478092827702856,16.04638265330888,11830.034328761294,0.6755732884866346,0.5388298493340478,0.8583097105897071,1.3996285220205293,0.0
116,0.08739598546421538,0.1449252045464879,0.5330682577383388,0.9797398535419536,-0.12970592852396373,11.892629877351991,0.5184061586794452,-0.3695915873372601,0.9109990285099838,0.9809909450204444,1.5766487752427492,4.715043883779883,4.469290078903227,2.1081006811287355,3.1382393192077367,18.23221336599893,9.451691695291542,3151.3752126155596,0.20163794657521303,-0.32565959604164985,0.9474399054731298,2.1081006811366336,0.0
117,0.21506448369274525,0.31632842676174144,1.839067314687188,0.1387724615044933,0.5486618197294603,6.937305383953107,0.7040360031544262,0.7972814379132641,3.7051721436834075,0.5266533949245977,4.722151034229001,6.115594500227063,1.1192426030863893,5.393559113819367,2.1368345425402118,19.69547696758472,13.866324884478404,14381.21415670711,1.4315745519138874,0.22221077336947925,0.9754126086268307,0.8896261933282883,-0.0
118,0.2465879221836127,0.23142800466926555,1.7605954384140274,0.6458976966775467,0.05839174735586159,37.11932501034707,0.657806104502516,-0.5880431630572219,2.756363718737179,0.25374464868688257,2.657844824680051,3.0718543573915076,3.3324601318049787,0.7508268704901133,0.6343980354223203,102.47143930057183,67.40633830907518,13633.044408608353,0.8685977454159275,0.7354488163563729,0.7415297082128549,0.7508268705118483,-0.0
119,0.05985889988514378,0.20354965001427394,0.7023330717241363,0.9077350070953435,0.3825022507337135,7.238824874510048,0.31985418979652913,0.8096291016431177,0.325797464079609,2.3297543935879195,1.0562707609149433,4.258227780298337,1.9228448176211523,1.6412943481793072,3.1974057198129104,12.322890984297775,3.941528311733518,4401.572014749915,0.43294289796660435,-0.039722859203988936,0.9992111509639531,1.641294348174737,3.141592653589793
120,0.04662634721432729,0.24873495863679,1.5177135371098507,0.9769167804601696,0.06923604919304692,40.02435987837699,0.8516624537437819,-0.3608689503373581,5.1526246440412695,0.33147397166358256,3.7328069721975377,4.853106308367441,4.905033692693116,5.34917552610631,1.1429353150400363,100.76987267994612,85.82191703005141,11360.56491792625,0.21527924244233565,0.16042768079255537,0.9871590557535364,0.9340097810733291,-0.0
121,0.10633809435629131,0.26885494565561474,0.3592949596339308,0.9832862054644471,-0.810100046716843,15.202118536381292,0.8991548787609557,-0.24430194047386475,3.493729899984475,0.3194135964930775,0.3520518199235371,5.7456335657373465,3.003628981272218,0.6559395757477602,5.554742702508744,20.664163102260638,18.58028306890978,1974.0321642406923,0.1830877475787503,-0.7293412923314225,0.7456135127916093,0.6559395757763355,-0.0
122,0.12882463199471128,0.07851751785013313,1.3119756500621726,0.6076731599109135,0.45615951509778346,8.318140755613687,0.47488542910716564,-0.21817253326294506,5.769286818575585,0.6832785661158739,1.9768577438918566,0.040359650762210215,2.472491373212455,2.9222461979554732,4.123036023859574,19.231338880768604,9.132682616699118,9494.199950466782,0.9176688697407269,0.024460303063089717,0.9997008617021742,2.922246198007602,3.141592653589793
123,0.2151100572095401,0.04226298979417942,1.0865365973255323,0.7457030892746974,-0.2854207867999211,11.945293925370924,0.5960703527601423,-0.9266344329096952,2.605664376471515,2.519142708860555,0.4732272190327492,2.442637713778748,6.072938917925076,5.10926720641955,1.6692343919371126,24.924292941096798,14.856632085696694,7523.806150541262,0.7292068594194797,-0.4606918872668556,0.8957451210339415,1.1739181007715338,-0.0
124,0.199345054629818,0.3120808516646757,1.9941272277047033,0.5771047470829396,0.3170215741541323,16.025814624069913,0.9427011066562392,-0.31086832175291484,2.804092374339706,1.6368495611313802,5.554587763254364,0.5667117636905168,0.8791270161649244,0.2717931083196277,1.69076439979817,47.98332791207594,45.2339363237632,15877.501785416278,0.9556172881079281,0.3936429762260807,0.9235179082082606,0.2717931083050029,0.0
125,0.0784979696060291,0.22212359330333975,1.5813835847582232,0.7049822612309345,-0.15479042944660806,10.762782992758181,0.7080781763066105,-0.6085766222153685,5.64277958286955,1.1910834385586568,3.945482655245642,6.098779698461811,3.077106607663342,2.2683948567210765,1.8907534075977128,27.782871343820947,19.672444873693927,11949.551411242343,0.7883981927476625,-0.494576652821615,0.8801697342841647,2.2683948566946808,3.141592653589793
126,0.27583555450833663,0.08316263145768775,0.9912397377190201,0.6946772160330736,-0.2338913444448127,38.36726616160358,0.8296580754575968,0.3965414884909684,1.7474959696243808,3.1378541483954328,4.796141207676203,6.128559014907697,3.302228069880527,3.7704980655873412,1.2368999323787127,76.39842500862734,63.3845702606493,6718.546084254204,0.8028252571550435,0.002661271793883424,0.9999964588183096,2.512687241626324,0.0
127,0.09542405396862151,0.3674958749854974,0.2319499450564965,-0.3808131564677129,-0.5819763820250905,7.039435486328372,0.35371171447990807,-0.8033190473405767,1.5078740568047309,1.3457239921808342,3.2950373787478333,1.8223627583831383,3.2420258690294492,2.227903310231892,5.2727450552631066,8.67223216061099,3.067470105897511,1194.367785525206,1.9614718830994977,0.29528680573968663,0.9567187171122947,2.2279033102006562,3.141592653589793
128,0.20330055889069493,0.1356932342969941,1.5229178989639454,0.426524191650066,-0.10404398928297034,15.331586391269218,0.6571094727083903,-0.04266056315926246,1.6247813687047157,1.1131753242056575,0.016173139471931903,3.444435610830096,6.010702973626991,1.9188678212161074,3.873898394794102,38.680333726045156,25.417213698906096,11408.517731217455,1.1301499443349294,-0.9072339746722049,0.615927186193541,1.9188678212236938,0.0
129,0.20958636410118175,0.22421985134011735,1.9616718424943058,0.7312625340165944,0.4417115553174352,6.667630234952008,0.8440188248445242,0.9400622104177808,2.939238700388438,2.610239581140928,3.1219474916628274,3.0090865419478203,2.211429802042615,5.567347279499454,6.002594168705691,19.747332723021056,16.66712055869805,15562.434626049444,0.7506252459360044,0.9310612628755333,0.5969829162995786,0.7158380276811299,0.0
130,0.17895295883922488,0.25341690376787546,1.3571138025191223,0.8722303081005889,0.21696837934406962,6.539987337899859,0.5641206751671218,0.49569247459938026,1.718987171826094,1.92634902866427,4.186709368644629,3.255831010321036,1.7386077852092339,4.04390851862011,5.187000552421675,15.415494422464048,8.69619912163542,9898.547293093929,0.5110523153604476,0.4743426347807391,0.8895931678455277,2.2392767885554496,-0.0
131,0.2605464837969196,0.2077887657722288,2.0724514403213785,0.784404967990208,0.2961793013448367,9.083556668239241,0.9839798542116603,0.5639213814611651,3.8300127369258785,0.5468670232992493,2.246502456810141,4.514453593940747,5.19036502493271,6.032584210181532,2.3078814184057803,27.90878676857252,27.461683935764302,16641.750605843095,0.6690601263042899,-0.14803214754514044,0.9890632354627414,0.2506010970224416,3.141592653589793
132,0.33704102707247513,0.159838155731672,1.3071990609449118,0.6342724438597703,0.5396446738615618,6.9373455179488985,0.4183151190193656,0.5260825123651711,3.9092263103103466,0.5070627086120413,5.513409394416428,2.13909076076711,3.4460856229708794,0.09550116437120304,2.937220362822398,16.005837064462092,6.695483636625033,9451.59036160074,0.8837292480781815,-0.2910469846228561,0.957943962782533,0.09550116429610656,3.141592653589793
133,0.13232132343725725,0.03302563813956136,1.8301911249000766,0.7741905218709939,-0.4102867792991383,9.595222951086837,0.7353427733387432,-0.5316278238820137,4.671055118508828,1.3772828222184716,0.5509294607301525,0.226644177248857,3.239860556886976,0.9340792159711491,5.980015903750886,27.15631483760349,19.969199866343413,14296.269500732094,0.6853611260871958,0.22949943382434362,0.9737803908536148,0.9340792159854581,-0.0
134,0.05270540974384153,0.0166271196031687,0.5117714216279573,0.9469555697550123,-0.3111726248448916,29.246241435846827,0.6666600091940593,-0.5789207060585004,4.626106167157369,1.6832064409793583,0.7704952703194207,0.8340236120907033,6.231549395598022,1.7221520731902236,0.06037353788269857,44.21363199274463,29.47546031078589,3000.841730264266,0.32717008072739234,0.010127120551422897,0.9999487211529279,1.7221520731871767,0.0
135,0.033572332489027225,0.15541096508897975,1.0088337353372296,0.5326494833050933,0.6193276703601716,13.867572634841283,0.7377617579599953,-0.03973361465821529,5.041869196452721,0.024870933263127167,3.9654957148399443,2.3077247133878767,5.103009920268253,0.31816306697127683,4.090619789295481,27.857647736108557,20.552307166421734,6865.849630898194,1.0090683004016734,0.2721639499419598,0.96319144682526,0.3181630669669862,-0.0
136,0.1654918492815277,0.18835298140382237,1.6096574654442382,0.3936106761165416,0.9381622290795645,14.27988638583617,0.9493823907873156,-0.5149270894367658,4.51408965763201,0.4602485029815577,3.4065098312658617,5.835741324665745,5.6594870150022505,1.5802199338456733,2.911394412331005,37.2656121124929,35.37931592151126,12212.694436808819,1.166240287596346,0.12841244966299406,0.9917664448307179,1.5802199338322342,-0.0
137,0.1222966973905907,0.1110708179877305,0.8227369517494587,0.8652424549489174,0.5534504945636896,14.248154892015435,0.8270664694641449,0.6909136646387205,6.001897519122626,1.564316412359924,5.454849122225085,3.92785882003709,3.453345207978815,1.7991712646332694,4.425026604114441,25.970638415926352,21.4794442243901,5342.206696690316,0.5251625561203522,0.49715502988910176,0.8789429598675884,1.7991712646163263,3.141592653589793
138,0.2850446482075088,0.22262930328147515,1.0563763711148473,0.7916697664813835,-0.2356933340678731,13.1003975057552,0.6965563960671843,0.29974471130679753,1.3989974554770106,0.29674179942825735,0.6464480991897362,3.6294299642351016,3.7367703414569986,4.978972000795597,2.8972733404965068,26.939347883046878,18.764775073815265,7267.020635510976,0.6572590794942208,-0.7728757594424077,0.7159057863287395,1.3042133063255381,0.0
139,0.4004616581189782,0.061023287448322895,0.8690178132521592,0.8326182313136405,0.1187091789814137,38.43410517580377,0.7489538801928717,0.18746807542638916,0.2165233041218783,1.2258587459737396,6.232380309026769,3.77872398776401,3.4326870303495456,3.7303873422105687,3.87162028947556,71.83402720998427,53.800373408798045,5713.698891655196,0.5869779529930352,-0.3260142497921429,0.9473263801752959,2.5527979649563792,0.0
140,0.27730254118449715,0.2204190388461223,2.202189216828096,0.8537060210864716,0.7908483950573526,30.81919446499884,0.3525837368138791,-0.9852045047079557,1.2151186110610148,2.301471486882279,1.30914344713564,5.050685363745825,3.1177195773260276,3.2301825957601378,3.5305703393786314,98.68889218714743,34.79609838936648,17919.218825775082,0.5477353835083464,0.4121014175107031,0.9162811538296985,3.0530027113621125,0.0
141,0.126453052994706,0.09587068337055193,0.3599416917116278,0.9443460434129383,-0.37224858788969817,26.441055107685802,0.9460296572549903,-0.9052178289910495,3.4813235901485484,0.8855564046193689,4.524229597060312,4.6568436365361086,1.8346161668099963,3.3540638071118036,0.12318129467669287,35.958293213786604,34.01761180451299,1978.1843350146273,0.3351954203523458,-0.04889941303040862,0.9988046619174336,2.929121500067638,-0.0
142,0.23253378550406684,0.11942220024113494,2.12762782256555,-0.03174093772824693,0.7483325886934733,15.06575901781588,0.9509907784702554,1.1366056945482295,1.2605359085694816,0.8400840124042258,2.928686567803437,1.0973263093674421,0.2661171539549675,5.068507197021221,3.853684864280455,47.12008707218878,44.81076828636702,17183.33381852173,1.6025425967053093,-0.19455576572633101,0.9811336504806883,1.2146781101592465,-0.0
143,0.1675948955585983,0.21057087138341954,1.5238493022658,0.8047062903404051,0.5525759024535848,44.4084240833244,0.6478495535042714,0.6098224657537398,3.8533998112284262,0.39591039443906656,5.670418227601763,5.16285282839458,4.754841725276753,0.36033871225233377,5.279636144479635,112.08017013742204,72.61108818021165,11417.103285924579,0.6356157575479103,0.8770858768491708,0.6393944636518264,0.3603387122777189,-0.0
144,0.273134819086031,0.1809445771224898,1.6317129658169134,0.7475700872212523,0.31524665974530086,11.239047340599086,0.35911423202340453,0.07731905367866879,2.6872101347523785,2.0666057151675687,1.7579551706483516,0.9991968342673301,2.7752666111407267,5.117381996623061,5.149966779544858,29.577946609684712,10.621861581566188,12418.623594550285,0.7264003190373808,0.6930835984648738,0.769279526305668,1.1658033104544732,0.0
145,0.16910460343663206,0.18446727760280918,0.8669672600477977,0.6429594179634444,0.08079934239609843,7.168776696122358,0.6072491207364316,0.4309894730099171,2.438321246766827,0.001132270331980967,3.465196340868016,4.97272053843926,2.278407131725105,3.9708077661341905,1.5922689639933187,13.383871386254063,8.127344131352265,5697.129711687991,0.8724403251103209,0.10022016989567328,0.9949821608489702,2.3123775410132494,-0.0
146,0.4332587602366781,0.11546563399136463,0.8609638815608693,0.6223130814205251,0.06315756131594331,5.848411923981053,0.37814059700846686,0.9608503334231455,2.327581075674947,1.580936537575246,2.5887331400355325,4.428213838793546,4.399496721708791,5.600490952435969,1.7899483363461977,10.883683355018652,4.115562521517867,5648.67791732704,0.8991020813600511,-0.16807762004058752,0.9859081783308506,0.6826943549245554,3.141592653589793
147,0.06828788862682171,0.010863069935859672,1.0343432243893182,0.009087555229582307,-0.6495883535359326,13.235974834496659,0.8882803838642375,0.8471542802369263,2.4432124609368353,0.1756678816548434,5.129513392371022,4.136331242275902,0.34820795674650545,1.43223221152552,5.510489866950941,26.92651572274581,23.918295722327073,7080.543086434234,1.5617086464800705,0.4092162246804153,0.9174329612426821,1.4322322115372583,0.0
148,0.41764446405938754,0.10013557481925897,0.666703810936299,0.5758387344324651,0.6031678068929278,7.163157293054743,0.6859556625051189,-0.2665256809304698,4.3257022039994775,2.01033190996804,1.17184680466702,2.7006757263725802,4.311884366549803,4.687524501202419,2.107248872774645,11.938861558670483,8.189529690034707,4130.965963993809,0.957166653539141,0.37468630684992366,0.9306224733113124,1.5956608058779764,3.141592653589793
149,0.09470924498393388,0.5151297076327535,0.4505162581340599,0.14391124787898102,0.18368797052201946,26.390850310334983,0.6647233118912419,0.31296630476144255,3.582906044383925,0.780603874859623,1.8505037384300165,1.3071964024296816,1.6924548801649195,1.9840335702028218,4.593536954892156,38.28035744112319,25.445845978643955,2577.2168455204574,1.4263836471337896,0.8591142279069414,0.6531084879207592,1.984033570213211,0.0
150,0.5742859728589584,0.1798315144435114,2.064792718748362,0.8109353785896167,-0.1985243213844413,16.93163499098184,0.5324228464220819,0.23753551452941213,5.686756488252117,1.2947951275911924,3.667046306003808,2.7943395091637977,4.92798297216837,2.736181079449506,5.408176217267152,51.89195163686613,27.62846059689728,16566.782493214007,0.6250474109271307,0.20762280187973625,0.9785237012797603,2.7361810793694956,-0.0
151,0.13052161290545722,0.055094983212573514,1.5938579962103725,0.2330664195309871,-0.6178483448585192,27.454171426943176,0.9822571665736983,1.116790154638661,2.2199938709360225,2.2455168826508323,2.7194290426614884,3.8169737067283114,1.8085549928856774,1.7894940553449434,0.7966069327296943,71.2122220851069,69.94871549073405,12065.531530260267,1.3355665716574858,0.204511690578075,0.9791602715511004,1.7894940553627257,3.141592653589793
152,0.27353601948120204,0.21064402427351647,0.9266864450304246,0.8960008757092277,-0.6027895411644267,15.860715375990935,0.4247126511558965,-0.2849778215192081,1.361416506768985,0.06377768595102701,2.8670253468881044,4.925198861487318,3.352703333458669,2.328821135194818,1.6657358868535785,30.55862532340737,12.978634776784059,6183.684755493819,0.46011626530073074,-0.7060266277737968,0.7609458609953992,2.3288211351867156,0.0
153,0.2877315275438337,0.15547844899266022,0.568346624681827,0.6926879684039856,0.48460826766094833,34.52713826673402,0.8111769804159807,-0.6306048354102941,5.311799935524711,3.0891133929792685,1.744290096376062,4.099889076589234,2.397238932041331,1.7635870286515465,2.4694215836703663,54.15052076055505,43.92565591849992,3404.2469631662566,0.8055870272343044,-0.11015777391112858,0.9939387654338093,1.7635870286848878,3.141592653589793
154,0.5252964105253736,0.021016290661179285,1.041233899882607,0.32156492347818827,0.5051017432316424,12.642584400572531,0.9453381258000458,-0.29213395963525235,3.6337559439713574,2.4397810649611946,3.8506823729083273,4.689613611531364,6.085334929101205,3.6962678880445403,1.9986746278328549,25.806471860575677,24.39584174218823,7138.759709211743,1.2434145996974793,0.7085374247100544,0.7593144205014247,2.586917419084431,3.141592653589793
155,0.24035646181508125,0.12602446989190833,2.2938096998615993,0.992099008749887,-0.3541956642887675,7.071429081621868,0.86978861966716,0.22600836691717044,0.30139714313009563,2.7277204885915793,5.769378446098004,0.6643135620802819,0.7100707272820008,3.3811603332544267,1.1377235423083507,23.29194170092951,20.25906582141944,18829.5409900255,0.12578885089034858,-0.3065016691804325,0.9533949362637382,2.9020249739197292,3.141592653589793
156,0.1283446289489982,0.04230606219551876,1.0696990446484083,0.7323059322194369,-0.2582021763605492,11.949769634685829,0.513877528848701,0.829715962659551,4.122676971493968,0.9746632315864915,2.9721183454516957,0.6291134761719961,3.406760193728177,5.318736617424233,4.2819278783250745,24.73242679667782,12.709438364708191,7380.235843207478,0.7490942951474236,-0.6481015602263505,0.7972312732301916,0.9644486897561092,3.141592653589793
157,0.34787158297375975,0.10646982864671746,1.932761442616622,0.9103611402293057,-0.06040301027273738,32.40320388324322,0.4417662580946404,0.7644025100889484,4.760246573305483,0.8403189852698295,0.021236759696535525,3.2330488979688043,1.0325682885437213,0.24064288971750342,3.220877667556177,95.03086696602091,41.98143050306863,15282.602684056083,0.426640390950952,-0.4670297105920647,0.8929095565729119,0.24064288967260958,0.0
158,0.5561730728662544,0.2666553809881509,0.9785796273914846,0.5154024352047853,0.09436824521022923,19.966107666263348,0.8748755637176427,-0.4330185594868615,4.4860818812183,1.023345726992554,0.7824772597766981,1.5853135705121362,5.008858471714498,1.9193590361911679,1.2034554853597983,39.5045338667736,34.56155133609626,6612.948159507502,1.029319129477174,0.6412766547560421,0.8013326920441528,1.9193590362396866,0.0
159,0.08558393797936241,0.13193515157951138,0.8900847373559929,0.5557104300440653,0.4121865579688081,12.045353498129236,0.8329979505745588,-0.25125581045370143,4.756262305956748,2.3568446740329874,0.7699425589459713,0.7487391911812792,3.068396574655492,0.6019707045765478,6.165592438315094,22.76673880287169,18.9646467640584,5884.500699410204,0.9815790812189585,0.9863522613662983,0.5517358076506972,0.6019707045847796,-0.0
160,0.2593948196418695,0.29400474745913674,0.9076815128863454,0.6038396420674758,0.5837060153901511,28.787825895453363,0.9466765056293616,-0.7634970367848535,5.736627413673416,3.0865923801319273,5.863840547358983,0.3308487793647575,3.071152585770663,1.4379931945804432,1.7610240657998792,54.91800325694718,51.989583419428655,6027.957579985651,0.9224869772145953,0.8259446362651914,0.6778627825024603,1.437993194596577,-0.0
161,0.11562942553928475,0.12510218598152617,1.9221562950613182,0.708567223060084,0.7647055229010792,13.120415664151116,0.378276609765578,0.11213525010843894,3.410794018332453,1.3240647544022974,4.486065224756677,5.6851615854118895,3.770934395554375,3.960190563854761,2.127647650917525,38.339905226820306,14.503089367935148,15180.1495635505,0.7833306479104787,0.706993095426799,0.7603184466315787,2.3229947433630143,0.0
162,0.1490896715600403,0.21719828622212195,2.1455755348266248,0.2884689636963196,0.12749116871866845,39.804125000391615,0.4365044727709665,-1.5578823865827895,1.0210098294281003,1.4173792206417675,2.8787802034481462,6.241361893667913,3.7672282156488426,5.596472594526418,3.6381579321252984,125.20688178641268,54.65336392147479,17360.05208774182,1.2781688865582148,-0.8898035682118598,0.629564656022523,0.6867127126599107,3.141592653589793
163,0.21586732912024606,0.07844242944600283,0.8300267600408884,0.4244073962738939,0.5241501163383359,37.68793407364495,0.842032011283061,0.34196536309389813,5.548816589769435,1.2260756966598303,4.875557639223557,1.2990929065815626,1.4899836862474962,2.05699778967168,2.7211187231862617,68.96992788542707,58.074887095413835,5400.373102213347,1.1324890115269253,-0.4768965816328373,0.8884237430420417,2.056997789664748,0.0
164,0.06684626873730773,0.07606590869040197,0.7084392507897267,0.48307018453960493,0.6142163908557339,7.773635237455906,0.9736865846860799,-0.00986753656257321,2.6862615093799267,1.423022436729653,5.1330070148312705,1.53498201036292,3.630632482209492,4.877137751065797,2.7651891803961717,13.280783560991786,12.931320787457127,4448.319729492336,1.0666385408959531,-0.32351224342478907,0.948124731211083,1.4060475561225851,0.0
165,0.11280451459444778,0.02790163077498508,2.179888763196098,0.7305908559973765,0.8528618928863178,28.312055955475007,0.6687646480750584,-0.7621268502280838,5.776829023353825,1.2850127042625556,5.928163363439364,1.661504685580946,5.9950983419721835,3.046946682343147,2.578797646207864,90.02918859579414,60.20833862774933,17698.649025865256,0.7516094532078894,0.4693900212479027,0.8918443733246761,3.046946682352154,0.0
166,0.3985358467212528,0.1800386543395635,0.957137785358736,0.8982460066389255,-0.3141646653595217,30.09449163013405,0.33791630276530354,-0.5685172364969535,0.5403280665314025,0.8223362986559749,4.205408467507348,3.0748830930522466,5.057436767635219,1.6583654009727602,5.240917762647776,58.89906670049757,19.902954855759145,6434.874227055675,0.4550341804392467,-0.10437554271647456,0.9945578164445457,1.658365400956926,-0.0
167,0.11216613862426553,0.3282942223133928,1.6160664542603382,0.47342883942981695,-0.5681654244473612,38.57793428572742,0.7812674059874347,-1.1688309765832674,0.022337245202363402,2.3673849700945904,1.3207909342328013,4.737278424653187,4.653801618423907,1.813204929517036,5.224252195754285,100.92243975955127,78.84741271686777,12272.475170138669,1.0776168750563357,-0.9666198833959666,0.5680845064234309,1.813204929509733,0.0
168,0.049583722654420105,0.18416257921067017,1.1517533690260406,0.7973574945657258,0.11797179929746048,8.140736875544809,0.4193589833761839,0.7416383556981628,0.1723107987474367,2.8727810464008328,5.298568461961691,2.311342523822047,6.192849930342715,0.32102982355064646,3.3185935765252434,17.516857998308065,7.345851762115446,8084.855890475014,0.6478924427752376,-0.49810111544501484,0.8784913529171011,0.3210298235662816,0.0
169,0.20174810981749602,0.11163070711772843,1.6892043623035282,0.8447091252325374,-0.7307567931784067,7.089863648386802,0.5732394813831337,-0.41745682418081703,4.413928464804214,0.6287434535212932,4.13486867773746,0.1717265452025951,2.9569086935260103,0.25477879392162567,1.5740294663562453,19.066092251378997,10.92943683418348,12958.059432234075,0.5647748549579259,-0.8661226779783708,0.6477852421993021,0.2547787938763253,3.141592653589793
170,0.33603251732877193,0.22133868142357366,0.951386852997842,0.4977932923722503,0.6824805548777174,6.604252266446885,0.9641728453092906,-0.36182830296495144,4.819623040797211,0.14460579357941414,0.4428096131519454,0.17080501346591487,0.7431714117350811,5.573588043292906,3.824378921856791,12.887451046625651,12.42573034440925,6387.28042922825,1.049743768888984,0.9503377731405949,0.5814083063771331,0.7095972639148218,-0.0
171,0.10395423659341418,0.23593744722144946,0.42080144792372687,0.2592383253443517,-0.13638695068451873,12.142150450068598,0.7703545040931357,-0.7017929271528917,0.9917603123799078,2.2999524366963424,4.371586553677291,3.1153249273280132,0.5921439446875617,3.818105545324025,4.932909392695697,17.2515849403652,13.28983616155564,2376.955585300039,1.3085628428887333,0.26064878453186696,0.9662229848736136,2.4650797618168894,-0.0
172,0.057933126459454205,0.14744392776880536,2.0446458848145164,0.4653365466812281,0.2727780194960954,26.666779402952592,0.7655556173624751,0.5133117720606791,0.8818559613330216,1.3428859056031603,4.099828647580052,2.332219848419099,4.918512173439379,4.353587829385505,4.376883737052456,81.19090017045612,62.15614970420862,16369.817202676852,1.0867815323231473,-0.03958550363266128,0.9992165962593517,1.9295974777978575,0.0
173,0.24136266695084288,0.3780793367727775,2.2084825808988207,-0.04740994537370858,-0.24403196280599684,13.487377795467468,0.8364470952832556,-0.11117383381503176,0.647665692865493,0.7047306275334655,5.326192201673307,5.66195736119587,6.20182818745028,0.125973399559589,1.0107536133619315,43.27401671875891,36.196425585644924,17981.537567988198,1.618224050735682,0.926153856935592,0.6009126978430861,0.12597339956771356,0.0
174,0.19309825316937215,0.05951982795216582,1.1478904983003644,0.7297031991201611,0.40846287368386264,13.94129414396435,0.777244793626956,-0.18157251502153499,4.378851744178795,1.194376137958739,1.2362359880120253,5.373061456939538,2.2026848408655897,3.9141123436359337,4.0147781119770105,29.94437322583154,23.274108188199982,8051.410168964075,0.7529085459270135,-0.04165804217354263,0.999132429236669,2.369072963533584,0.0
175,0.18804220746118608,0.28400656827900994,1.2622272147763762,0.9692942558929426,-0.29686734194292713,7.8986488925345615,0.9769948438549602,-0.4542049759905263,2.9982359507945,2.5142395092762677,4.800801977664934,0.6351518103462516,3.613627125183302,2.6046174545350516,2.0348004651403375,17.868538484654973,17.457469966731832,9052.14748670736,0.2484519434313143,-0.4098347181115646,0.917186693191782,2.604617454510497,3.141592653589793
176,0.4839730156704617,0.09734869246775242,1.5318960157978447,0.8504196522363963,0.7102415623499161,6.357667166275529,0.9297031295888057,1.3298069436217803,1.7090636088745481,0.4503872082628446,2.097030585001958,2.4559951767700987,0.3984148533255102,1.0715396847298881,0.9237792003270013,16.096952168061783,14.965386807488352,11491.322641140432,0.5540138876809338,0.9507531070035956,0.5810703356516631,1.071539684672561,0.0
177,0.06384964040597296,0.06050991619300291,1.0013229817073452,0.9914210001772317,-0.10516423504875701,20.21039678852985,0.9535967489925361,-0.38873903144175725,6.12903444008057,0.5013267086567706,3.528743535029236,0.29338079166299763,6.077160554633877,5.899539561048585,3.045680908549096,40.44753156230911,38.570634602590964,6802.888860784162,0.13108237488403704,-0.23367351145405052,0.9728223491910419,0.38364574613001495,3.141592653589793
178,0.12063497149346748,0.12753131723118066,1.6360049597236255,0.7195190255344942,0.9923738930103463,8.615509198518676,0.6776679651257208,-0.7104785766112838,5.874955182780871,2.245663134677078,6.255848869727719,0.07876380045731089,0.9682633055737501,3.172847432999015,3.119875315723273,22.71052497783975,15.390195248669519,12458.763668828547,0.7676868315968849,0.7991541242689604,0.6973132541337957,3.110337874191833,-0.0
179,0.034340446439648425,0.1938020591172367,2.07830635051835,0.7764857127693285,0.6096835771067457,38.569763417403315,0.6487961263662038,-0.4611116013058204,4.854251225187722,1.2771347077963615,5.759048018705003,5.0405665163946285,1.2911868247875846,2.599006640555765,4.862945750694971,118.72954766578296,77.03127061077153,16699.096149689423,0.6817268752689581,0.8494170616129009,0.660420983911013,2.599006640554319,0.0
180,0.4474994963408805,0.5595921846536027,1.344939072981991,0.7860197236534315,0.9909465039979267,38.49720699460778,0.6356863056551253,0.5404326510319737,3.6725332115661438,2.418668583599421,5.325531822449301,5.969964310504493,5.232340994250691,3.681963403555481,2.9900778305737497,90.2736048823314,57.385694385819725,9789.188056277288,0.6664524244561905,0.8452555361419927,0.6635401271662431,2.6012219036030277,3.141592653589793
181,0.2338082714670714,0.1463626427534152,1.9185854392444595,0.5022346727087568,0.7444802762689682,9.245479127748906,0.5927167003001218,0.72882083163164,0.4031895485013349,3.0138237554844522,4.501794374463238,5.608320104422504,1.7006063025866287,4.389342074323924,2.261720281912039,26.983720761086524,15.993701931331096,15145.676639635296,1.044615245574762,0.6324166695631723,0.8066013819361422,1.8938432328414763,-0.0
182,0.40425663382110133,0.1750293756256367,1.938613206974409,0.6293202486370186,-0.3612537443462961,9.850629274483945,0.7970555516247338,0.0592850821056259,1.6229977192681757,0.7527476462941189,3.1099461423379617,1.289394329626715,4.053793461826622,3.5611477509530567,4.861467074090244,28.947189283007262,23.072517921952937,15339.180330112311,0.8901181017681514,-0.40645722746977486,0.9185272465455014,2.722037556283143,3.141592653589793
183,0.1257947887347526,0.01124361470394276,2.0054058246992956,0.5518400132692194,0.3202650274528717,6.173963576670691,0.9795745348418495,-1.1387752387556314,1.1697298372402292,1.1391758397102374,2.3785114101204443,3.701557855323948,5.624715492206692,1.6970103786822273,1.7208876909175506,18.555266094807394,18.176266153687695,15987.215917667883,0.9862273122551304,0.37046728654720584,0.9321582657955974,1.6970103786571324,0.0
184,0.2156231863692255,0.2544176583662027,0.5433194016431857,0.7667921870892304,-0.4378471691884029,25.20428639476718,0.432157936433001,-0.636594630662071,4.879397246128931,1.11110412435612,2.0202866721389223,6.018502375712555,2.9786955278493537,2.4046171924928013,4.466508208532246,38.898264197615575,16.81019358646723,3224.4088508498476,0.6969676099468778,-0.7137314053522241,0.7559243461363596,2.404617192567649,-0.0
185,0.14082260104409203,0.2588253668157448,2.0561284883656223,0.9255072773111581,-0.26139724498405026,9.670109658604545,0.9230260404595614,0.6254196669486412,5.386228437348831,2.0391414150949925,0.5651025871474183,1.4475387062912277,5.748101858128572,1.6288552679241903,0.8412431863081005,29.55309761328091,27.278278673301593,16482.033287075883,0.38842349992647834,-0.009693953628512941,0.9999530139994761,1.6288552679239847,0.0
186,0.09014558169638603,0.0944826614368918,1.0832843415128877,0.44925650274383344,-0.46784835628871735,7.823573032498963,0.9449065475411851,-0.24988549869063897,0.6946573588407106,2.6499691698196792,5.442930430912568,1.841309208291447,3.9557481043327933,3.0926169395369336,1.4135919385668287,16.29872719328759,15.400774041525006,7496.032950845129,1.1048633703676045,-0.9176944733502665,0.6076528256524112,3.092616939522869,3.141592653589793
187,0.19856321902700055,0.13125845222143084,1.153924520839113,0.8739578344599821,0.806329463987141,12.38864347557441,0.4097688509286656,0.8184287012382477,5.358223192774891,0.20219868650051528,0.7532728927917778,2.890050031482333,3.454790350780865,5.396825195366,2.500552663757715,26.684202961973217,10.93435518567506,8103.665849860613,0.5075090282434371,0.5505525789307606,0.852235565967723,0.8863601117643652,0.0
188,0.2696727620581249,0.1442859885377585,1.9935646549504822,0.2816240645541558,-0.5684302242713432,10.501250554979217,0.6668723300442945,0.5038345251296692,3.355020030685247,0.7924653520547373,2.034611250107814,3.3902154857419244,1.999861876880541,2.139427906811483,0.9336294262878151,31.43617249416492,20.96391359885812,15872.032296743533,1.2853100652923832,0.008487650072985076,0.99996398011436,2.139427906873105,3.141592653589793
189,0.21200549562643503,0.21053072819088905,1.197309237908597,0.4254811222570308,0.6096804533553537,29.45936378633622,0.9413240657348518,0.23811544465728754,1.9881027606315886,0.6310103720090068,2.4392533302821606,3.725850165891093,0.10906305236465734,5.875326091839649,2.1118601703891238,64.73133219062656,60.93316079811389,8481.251361839964,1.1313028615756104,0.460536232835954,0.8958143091565217,0.40785921536796116,-0.0
190,0.19221424447446903,0.15636722821430477,0.2903669033015449,0.9316104903109937,-0.024571500166550186,26.306347005764078,0.795745568970863,0.0016252993315799184,3.904954585990497,0.3160544150314733,3.6632774797023813,1.2123860975383614,2.601258118859645,5.062926586328472,3.873504526293242,33.94483952300366,27.011455639857186,1542.3788065469805,0.37197733026673274,-0.30295989215197716,0.954457597632302,1.2202587208494269,-0.0
191,0.15340917124521394,0.06683783388036058,2.0594097163215523,0.8720835175519788,-0.4011371120570453,59.413216171964315,0.9336025426081116,-1.2640197906316186,1.4249882339886895,1.8469743098918896,1.003437634063982,3.4848631707451103,6.114208094295019,5.003016898215102,2.2293782413973875,181.7693708344204,169.70034677929164,16514.120940360885,0.5113523617208444,-0.7039009615833054,0.7623233057229538,1.2801684089670713,-0.0
192,0.22525221683461938,0.2471627089475109,1.2092317869582407,0.853483588360153,-0.7642390605826146,33.40061953911936,0.5515939060341667,-0.022515553002125176,4.606149920608359,0.5547864000270255,5.416874659577078,1.4852468743100644,1.5480063643122477,4.024851973224335,1.547119846513421,73.789710389921,40.701954579106456,8585.578429487927,0.548162368951211,-0.8888106077421415,0.6303358242760417,2.258333333975585,-0.0
193,0.12592878404575125,0.023451494682497673,1.3816385585890336,0.8067589825364992,-0.4422530305244207,27.54905877768695,0.3185526200532554,-0.2787643571202269,5.491215946823145,2.6635729478505286,1.0668525104453441,0.9460247534502952,1.556584946680771,5.125950840640097,6.173274991630164,65.61190063777491,20.900842854837055,10119.49534356609,0.6321499965628833,0.16929973981265,0.9857029969155352,1.1572344665597998,0.0
194,0.13209475851487845,0.12284291887954193,0.8573105416947425,0.7089772660606726,-0.562212835028864,13.832152915624864,0.30778647994349045,0.6134741646134472,5.59217391901174,1.9964000526644192,3.373193251612456,1.6366256106498474,4.654285012004426,0.40437987389985364,5.0645533963016796,25.690603424523726,7.907220395658339,5619.2349072071975,0.782749387217364,-0.4948352493692918,0.8800469596576092,0.40437987382761964,-0.0
195,0.25598071458677557,0.20783813270861984,0.5140142798277763,0.5437374267536377,-0.9858491794185197,10.387044417662324,0.7026791129769963,-0.7912019465375933,3.3200025836301843,0.10733989078563595,4.964245878226511,6.247642232799801,1.2096483879332978,4.729710248016374,0.1862320186162623,15.726133573546146,11.050425590017166,3016.6181246515125,0.9959123434337198,-0.49616360925781827,0.8794153630009532,1.5534750591372384,3.141592653589793
196,0.130700650373148,0.22349622119830984,1.2864034386751397,0.3027366608241852,-0.6198000986573116,11.849733126106699,0.99645750138339,-0.09376490990366351,5.158294683468309,1.7410193367304956,1.4957247688666286,5.287006572388765,2.040863263590519,1.590447112358269,5.414455282789918,27.09327056691307,26.997292693410337,9266.49080662744,1.26323357351255,-0.7831952560699558,0.7086627549128377,1.5904471123971688,3.141592653589793
197,0.29393029387463,0.16959670633364726,1.1557174806749417,-0.06963330373787904,0.9456642312249118,31.61309609142621,0.9055626400151682,0.19888130190501516,1.7232227158648248,0.426070064151645,3.523606168835284,1.7864879756730923,5.89178395102105,1.722425485338328,3.4704631035367353,68.14890386254416,61.71310129590538,8119.2055730765305,1.6404860266325214,-0.11954877183423161,0.9928625523004267,1.7224254853380425,-0.0
198,0.1600381442790519,0.34795600032240565,1.7554157304937124,0.5089150000083923,-0.743602232745924,10.176611437061334,0.49498439343681566,0.7488002596124184,4.314571351384538,0.7251416842981222,0.7464346475088829,1.164703555519506,1.9584102193564008,3.6040324763731166,0.27815746962492016,28.040795236801024,13.879756021773904,13583.886032956647,1.0368724376349663,0.14751376948700856,0.9891395592334329,2.679152830836778,0.0
199,0.18064530186327069,0.04341344814969517,1.4384855049799723,0.8211128378041611,0.7329003906704,6.169975092184615,0.5890794430657225,1.2867356261679594,4.798657991050233,1.5863146554667533,2.1872490944109453,4.14714216057257,5.4945755619001195,2.4807823185857765,2.356790759933586,15.045394828379653,8.862932806205787,10634.916943371541,0.6074383063412422,0.4544864513659582,0.8984865949894332,2.4807823185370683,0.0
